{"coef": 4.770967312576786, "intercept": -2.4833158637489143}